{
  "energy": {
    "rhonix": 1.1252525,
    "ethereum": 4.76572914,
    "cosmos": 3.4092260955,
    "aptos": 7.73633697
  },
  "scale": {
    "rhonix1": 4.76572914,
    "rhonix5": 4.76572914,
    "rhonix10": 3.4092260955,
    "rhonix100": 7.73633697
  },
  "comms": {
    "rhonix": 1.1252525,
    "ethereum": 4.76572914,
    "cosmos": 3.4092260955,
    "aptos": 7.73633697
  }
}
