{
  "energy": {
    "rhonix": 0.01,
    "ethereum": 1.01,
    "cosmos": 0.15,
    "aptos": 0.1
  },
  "scale": {
    "rhonix1": 10000,
    "rhonix5": 20000,
    "rhonix10": 50000,
    "rhonix100": 95000
  },
  "transfers": {
    "rhonix": 100.1252525,
    "ethereum": 40.76572914,
    "cosmos": 30.4092260955,
    "aptos": 70.73633697
  }
}
